,From,Exist
2687,0xb10f05709f9cbe6e80d45ef50acc5ae4089f4828,left_only
2688,0x3ca06c36d7449073f43edc87b6fdcab3f7b55fab,left_only
2689,0xa1bb3c7e6d62f22fb383a1606fc57fe2e6bb6be7,left_only
2690,0xef3cf1eb36905ab184a14eae5c1cd63d322684a4,left_only
2691,0x10356f393b358aa9cc2d553063282eb548861d49,left_only
2692,0xae87da3b2d5316b9678fb9dedc7c83f3a03a222c,left_only
2693,0x88a2aeddc7bdf720dcc43df9ab124fc377cff356,left_only
2694,0xa631231d184befad072935583fab936fcd06c8c5,left_only
2695,0x5133025d05cbf2a1c9b8f43ed81ea248a807f881,left_only
2696,0x61ff37460c469e712bb553187c2540d2890d38e9,left_only
2697,0xe24fbe2f6e587b8220e7b91474057df1806fffa5,left_only
2698,0x3ed588a3de7251e4064ff05bf5c8652f628c88b3,left_only
2699,0xb086f565e48a2b97c12ca45b9b6ad7e90ebe9f68,left_only
2700,0xe6abd101861438ff5307f361647d6a46165548a4,left_only
2701,0x005d776301649e234c0fff584fafb47d4ccc1ca9,left_only
2702,0x9341d743200d45b32f6e65fd9ced9d95e30ededb,left_only
2703,0x3e51324760e41ab47ee9828c513dd89ee9466c78,left_only
2704,0x6812d073313f92bf315e961b06e816aa96a7309e,left_only
2705,0xcde37e66c953a07a6314c39c4e44a1144007afdc,left_only
2706,0xf90fdd6bfd90aa47651d02b16f49097b3fee3f1f,left_only
2707,0xde9e59e9cae1935762b7ecb56ef0ac57dc29cc13,left_only
2708,0x764dd10a90051e3299c88356457d01df02ca2e6c,left_only
2709,0x4578e73fd79e55bb77b77b85b0dc8d0cbe33696b,left_only
2710,0x5ea85e09a036664f2b64461108773ddd35e062f0,left_only
2711,0xd761b97d8dbaaf908fdf6004b088d16e63aa9222,left_only
2712,0x2612caeb7a04c5b8f7870bb29a64ef21ff7ee3ef,left_only
2713,0xa11ef67d18f706c70cbaafbc1ebfced085d431c5,left_only
2714,0xfb95e718d5f7ff67e2b57dae6baeebdf6f27211f,left_only
2715,0xf6d1dac85cf6e17e6d2cb84d6fb4a795a32a8cb5,left_only
2716,0xa49f0a645f6d49b252fb6e5ac685972dee47363c,left_only
2717,0x992d6a552079334722ba3fcef618dcc61f5cadf5,left_only
2718,0x96b2dc5fa9ddfdf1b73b7ee54bab50db3dc0c83b,left_only
2719,0x1eb3162901545cb116b780f3456186b5d1396142,left_only
2720,0x34369dd9da1cddcc0a23838ce8dc341ea56f8c84,left_only
2721,0xb135e2e1bb0977287b27d7a5cccdb74e8c2b0ef1,left_only
2722,0x60382d4e97e6db6be88b6466ae06488aaed46bbb,left_only
2723,0x3fd8dacd937c686b7edf6975cafca5c4bd8fe7d2,left_only
2724,0xbc278f583d7bcf354fed5c6f690200b7d15c558b,left_only
2725,0xb16478a432a0377f49e6b6b0e0fe322b07b33972,left_only
2726,0x6f949c1403c34f15ba101a515bd7a9a44f6058ef,left_only
2727,0xda2f80295cf2252c58c8a4b9584931e911aaa04e,left_only
2728,0xb842e41241159d7e99069020323fd501e07fa223,left_only
2729,0x86ea3a71f0dab26a6f62530b4cd93078314095b4,left_only
2730,0xdb4eca4df23692739362c20be5d9fd118c574867,left_only
2731,0x18dc68b456dc4c76058e0152e22fe461c85e8a1a,left_only
2732,0xe3da7de84a00dc16d3097f09c35cdcdd9a2491c9,left_only
2733,0x5fdf59e7fa5749e1ed8289ebd2c834af5b89b889,left_only
2734,0x9c35e000ccfae556afc54241d30b943a65d7df69,left_only
2735,0x16b91bfbbcfcad04ed91dfd89a0f9c30a71c309b,left_only
2736,0xd28d3ccbbe62a5d63ba1c7df47815463e431ef57,left_only
2737,0x6b80ef5b9b97b1736099815285418939a5bf4125,left_only
2738,0x9226ba2b46e1239bc2bfce56266f7180f80c6e84,left_only
2739,0x685157e0624b779db621c407041814d1763ec007,left_only
2740,0xa41741ec09b621a96057753d3a27b87a50c30a98,left_only
2741,0x97743aa41dfaf6ebf8e1f532fa9d5b08f110f372,left_only
2742,0x4d80a51610193a1206d2446643a5a07f579fda49,left_only
2743,0xafabdf1c886235cd926d608b42c9debd452180a3,left_only
2744,0xc94a5572053b0b3cefd9097deabafc31ee85a61d,left_only
2745,0x8410c2d7ae1d0eebc4df0b638661a6d5e9d69332,left_only
2746,0xbaf95918df452f9f37368275fe329dfc42c0edd0,left_only
2747,0xe374792a4853845d73f73e9fdab57f3a80b931f0,left_only
2748,0xab8ee0687e88d5fecf0c1362c237c428f7a3bab1,left_only
2749,0xb7053d59b98854d7e15058e6b3016a7c1cb11f85,left_only
2750,0x72515452db16e9cdc1e6f1841fc6e07fab81c195,left_only
2751,0xd0678b30e2450bd73c9ec2e18f7762384386e95e,left_only
2752,0x1270a0aad453a315c5ab99397d88121c34453eb4,left_only
2753,0x192232a7141f94eeae3dbdc2bb0b8b669c17d6bc,left_only
2754,0xcda1e9ded9428f0b57feddaccd1e05bc06ea3589,left_only
2755,0x111976ddf9bb0d91c576ccfd64f29dc1bde23657,left_only
2756,0x5eddef036850733a5b5bf20292e40fe32570af08,left_only
2757,0x72d4d59f31d0cb4a4213a5dc81fc0108241ecc71,left_only
2758,0x39b518695d90cc20f131bbbe9d320e7529501bd4,left_only
2759,0x516d0e34a76b1fa1b27b75d56dcbcf154219d826,left_only
2760,0xc7441455a494663067e242d762588c67cd7d78b2,left_only
2761,0x82be289c95d2d06da0d7791136f789f2a6fa37d6,left_only
2762,0x18bbd8f98e7bd9b5d42815210482e72620c40c30,left_only
2763,0x1d57f64421d6a1d45edbdaebf0202981600066bb,left_only
2764,0xbc2f3e565006fd6e2ec9f773802d10bc39289384,left_only
2765,0xdde05f6a844709048d52a32f67a2cac6ab06614f,left_only
2766,0xb3262b9c00b137a12ca62455ef181558d7f93223,left_only
2767,0x03f121a6b0ce7f8065b529c88bd78db8e378c36e,left_only
2768,0x4223fab4e88c709631e6eb3d1717865e7e1db43d,left_only
2769,0x06a06f248b0b9d2d95e7eb97105d88365c16d002,left_only
2770,0x11e9584c814e6ba098c1a475cfc8281ccd7bcb89,left_only
2771,0x2222281edf18262fd4b80e53a55e0c7cf510e388,left_only
2772,0x55db858397ca694eeeabd214d228b58286c112e0,left_only
2773,0x393a7226c2fe528bd05d70e6ef6eeae6409453ab,left_only
2774,0x0283faee81e326892130869d68b8051de1282fc5,left_only
2775,0xf8c65cf2c51862020fc21aa58a6e5256ba94838b,left_only
2776,0x00c00fd2c9ddbb666c4600083850bfde597c454b,left_only
2777,0xa90450408c4a50ebde0001e1d9ad7ed00d43d250,left_only
2778,0xe5d690dca55ad10ab5cb202db5b30c7b091aff1b,left_only
2779,0x6c6541cc3ec6bfc2d7b0ca48ccb0225cbbea9b59,left_only
2780,0xf8fbff69024dc7faeae0f6f693ebd58d823a4710,left_only
2781,0x2b794ac95306a775bfb9d58058d6c72f51480803,left_only
2782,0xa53c671e6bc4a4fd7778769fac9a21358d2babcc,left_only
2783,0x0ffc0e58ece9a5b1d8d8a08bc1c2e1c3201b7c28,left_only
2784,0xc2707568d31f3fb1fc55b2f8b2ae5682eaa72041,left_only
2785,0x48139b8fb674fbac33b2fb2d5ea826baa1d10b35,left_only
2786,0xf7163d0704e4aff0984a594519091b943bfe2df7,left_only
2787,0x020c60dbba86a979ecd61cf7dc95d8f4139341b4,left_only
2788,0x4cda8f71d231d42aba6ec79793517de9f6be30c5,left_only
2789,0xb3d8dc6b0c9fec01afbc69e282ef720e2ef412d4,left_only
2790,0x1bb600e20c27c27687845dfb83a44a7e68f24e12,left_only
2791,0xd0adec018531577dd7ed1b207f865be0d638a136,left_only
2792,0x8de9d7d8503d1de1566393d7155711b7e4210666,left_only
2793,0x858f164d8f95de7a70d343f5d61f12873a1717be,left_only
2794,0x5f0d9c7ff2e22fb6ec8a37429827bd493e9541d1,left_only
2795,0xeaf6e2584a80b316b2ab04a72259372f175846ee,left_only
2796,0x642458957c6f027fc1fea5b99928df23fe46272e,left_only
2797,0x61244dfbc625a058b6d79d151dbe44c7d42e992a,left_only
2798,0xf5f7017b602da0718ebb169c434b9b1702bd7f42,left_only
2799,0xa9ed33909529851266d1c3428789e964ff86926b,left_only
2800,0x60bcb7fe344c5024ab0ce07c63426d856afb2d39,left_only
2801,0xfef077a226742d824eec997b1411c5aaf0ec6514,left_only
2802,0xee70284249f2b79627060411ccc79fb0163adb70,left_only
2803,0x9292ea1bcecc14cc8bb803b4efe1d30ad01e7eb9,left_only
2804,0xcd1382721144f4800543ac63d2b1ac3932126c8a,left_only
2805,0x20fd9f4a6d405d5d26666b2f00d8af27baad45ec,left_only
2806,0xb922122d6dcfadc6b7f1d56ff370fc5e5a0c458a,left_only
2807,0xf467d0c6ff2dd42f32c55adcbd324c1e578bd0ea,left_only
2808,0x66986dea1aaafff7c9c7778a5e137422dd004eb2,left_only
2809,0xcb813c31e2a6f2e25456bbf01b146b6f15522cf1,left_only
2810,0x57f3dfd2675615978808285b74d6188caae37007,left_only
2811,0x9b41ea1d0d8841579cde9cc2e3eb8358857e508a,left_only
2812,0xe342e1493fea6e029a7b4f1b81502663150829d4,left_only
2813,0x88fc9a8eb97c530315f2e813bdc5aec1e7fc2824,left_only
2814,0x633ed66018474ba14a287e67fd5fb8c9cd906b5b,left_only
2815,0x7e90d9074f96effe334cb72fcdb8a920fa552ff2,left_only
2816,0x5d634d3aad25af718010a72eb3b305105a604d73,left_only
2817,0xcbd7d459a69637c63b2c76f9a4cc9303463630dc,left_only
2818,0xbd4f13899821b87a31b8aa8fb786f828a004180c,left_only
2819,0x6d370747e039c4230b6153c579020ace6f628257,left_only
2820,0x759872d1e9478d197d78f6e4cfe150d128b1c9bf,left_only
2821,0xeae12c3cd669913ed4a93443815cd4e8be6a02a8,left_only
2822,0x2cca05bf358d4139614af48190e6c470abbd69ae,left_only
2823,0x0d27e68017ecad932d53c75dc8314abd0e69b8ea,left_only
2824,0x3e53174e7ebd1d740653be331c04ba1f31aff4cc,left_only
2825,0x7e4ef7f43c8f89b1236325777174546573ccb676,left_only
2826,0x47338b2757d5822411d90115d55ba9273f317620,left_only
2827,0x0297aad5017b07fd7983d729f90e687cde98f8d7,left_only
2828,0x238bb3096e27deceb776bda1288fb24d0c0f67be,left_only
2829,0x38bc2db2732a7efa43c89160118268ef0d15163d,left_only
2830,0xccd21c5f866fd9065a64fbe260a1215511fe8b92,left_only
2831,0xe490a99f0f9908e571bcf48d660e8c3b273bb7c3,left_only
2832,0x19e0c4c43c3f08baebdc4fc4c4c7a58ab02bc18f,left_only
2833,0x1efb96cb5ff29b987c89706710d8534d49dfa2d8,left_only
2834,0x122b54c95276f5e89cfdbb6a8f324f6951d6f9e5,left_only
2835,0xdbe74188f02d09e20c5ae37a5fcd909b6a82b404,left_only
2836,0xebacd448a23f63a156841d440778be89613be97b,left_only
2837,0x75b27fb5f03088bb428084a9068cea27759fd372,left_only
